{"cameraMode":{"drawMode":0,"name":"Shaded","section":"Shading Mode"},"sceneLighting":true,"audioPlay":false,"sceneViewState":{"showFog":false,"showMaterialUpdate":false,"showSkybox":true,"showFlares":false,"showImageEffects":false,"showParticleSystems":false},"in2DMode":false,"pivot":{"x":-18.312891006469728,"y":3.495210647583008,"z":-11.080175399780274},"rotation":{"x":-0.1858014315366745,"y":-0.6544936895370483,"z":0.17061831057071687,"w":-0.7127482295036316},"size":18.458887100219728,"orthographic":false}