{"cameraMode":{"drawMode":0,"name":"Shaded","section":"Shading Mode"},"sceneLighting":true,"audioPlay":false,"sceneViewState":{"showFog":false,"showMaterialUpdate":false,"showSkybox":true,"showFlares":false,"showImageEffects":false,"showParticleSystems":false},"in2DMode":false,"pivot":{"x":-22.411863327026368,"y":8.940696716308594e-7,"z":-5.519374847412109},"rotation":{"x":0.10834760218858719,"y":0.269345223903656,"z":-0.03050399012863636,"w":0.9564504027366638},"size":11.096217155456543,"orthographic":false}